participant,condition,trial,reaction_time
1,Congruent,1,577.65
1,Congruent,2,615.73
1,Congruent,3,576.43
1,Congruent,4,445.75
1,Congruent,5,622.43
1,Congruent,6,585.71
1,Congruent,7,507.04
1,Congruent,8,596.49
1,Congruent,9,579.17
1,Congruent,10,573.53
1,Congruent,11,552.27
1,Congruent,12,593.74
1,Congruent,13,491.08
1,Congruent,14,536.97
1,Congruent,15,511.43
1,Congruent,16,597.91
1,Congruent,17,553.18
1,Congruent,18,526.6
1,Congruent,19,487.45
1,Congruent,20,529.42
1,Congruent,21,550.65
1,Congruent,22,527.95
1,Congruent,23,653.53
1,Congruent,24,630.54
1,Congruent,25,333.11
1,Congruent,26,398.88
1,Congruent,27,536.02
1,Congruent,28,516.22
1,Congruent,29,567.09
1,Congruent,30,567.39
1,Incongruent,1,819.43
1,Incongruent,2,561.04
1,Incongruent,3,619.79
1,Incongruent,4,813.42
1,Incongruent,5,701.74
1,Incongruent,6,703.05
1,Incongruent,7,608.88
1,Incongruent,8,518.15
1,Incongruent,9,663.4
1,Incongruent,10,658.72
1,Incongruent,11,551.81
1,Incongruent,12,595.34
1,Incongruent,13,644.24
1,Incongruent,14,574.42
1,Incongruent,15,642.14
1,Incongruent,16,657.64
1,Incongruent,17,652.85
1,Incongruent,18,609.5
1,Incongruent,19,697.5
1,Incongruent,20,721.29
1,Incongruent,21,675.67
1,Incongruent,22,584.54
1,Incongruent,23,708.53
1,Incongruent,24,609.88
1,Incongruent,25,720.33
1,Incongruent,26,564.26
1,Incongruent,27,723.16
1,Incongruent,28,648.39
1,Incongruent,29,550.1
1,Incongruent,30,624.89
2,Congruent,1,554.33
2,Congruent,2,571.82
2,Congruent,3,471.42
2,Congruent,4,461.41
2,Congruent,5,565.97
2,Congruent,6,512.66
2,Congruent,7,568.84
2,Congruent,8,610.76
2,Congruent,9,418.1
2,Congruent,10,570.35
2,Congruent,11,647.97
2,Congruent,12,526.2
2,Congruent,13,485.13
2,Congruent,14,610.18
2,Congruent,15,570.28
2,Congruent,16,621.67
2,Congruent,17,522.38
2,Congruent,18,431.45
2,Congruent,19,541.2
2,Congruent,20,514.33
2,Congruent,21,612.03
2,Congruent,22,565.49
2,Congruent,23,419.53
2,Congruent,24,454.39
2,Congruent,25,620.7
2,Congruent,26,604.38
2,Congruent,27,498.78
2,Congruent,28,549.92
2,Congruent,29,585.65
2,Congruent,30,587.47
2,Incongruent,1,720.1
2,Incongruent,2,670.52
2,Incongruent,3,642.41
2,Incongruent,4,629.29
2,Incongruent,5,734.46
2,Incongruent,6,469.93
2,Incongruent,7,638.91
2,Incongruent,8,652.64
2,Incongruent,9,535.97
2,Incongruent,10,676.63
2,Incongruent,11,597.9
2,Incongruent,12,719.0
2,Incongruent,13,639.95
2,Incongruent,14,703.53
2,Incongruent,15,747.51
2,Incongruent,16,680.63
2,Incongruent,17,579.94
2,Incongruent,18,528.85
2,Incongruent,19,790.27
2,Incongruent,20,641.1
2,Incongruent,21,594.91
2,Incongruent,22,661.54
2,Incongruent,23,634.69
2,Incongruent,24,718.17
2,Incongruent,25,652.71
2,Incongruent,26,651.1
2,Incongruent,27,592.83
2,Incongruent,28,687.57
2,Incongruent,29,567.29
2,Incongruent,30,703.27
3,Congruent,1,671.92
3,Congruent,2,428.03
3,Congruent,3,352.7
3,Congruent,4,599.35
3,Congruent,5,753.83
3,Congruent,6,469.93
3,Congruent,7,449.94
3,Congruent,8,597.12
3,Congruent,9,482.74
3,Congruent,10,509.52
3,Congruent,11,522.15
3,Congruent,12,592.56
3,Congruent,13,517.58
3,Congruent,14,572.23
3,Congruent,15,535.88
3,Congruent,16,482.43
3,Congruent,17,524.41
3,Congruent,18,473.97
3,Congruent,19,550.52
3,Congruent,20,460.09
3,Congruent,21,462.57
3,Congruent,22,666.56
3,Congruent,23,545.75
3,Congruent,24,545.69
3,Congruent,25,590.92
3,Congruent,26,516.33
3,Congruent,27,531.72
3,Congruent,28,584.01
3,Congruent,29,572.59
3,Congruent,30,457.26
3,Incongruent,1,716.67
3,Incongruent,2,602.77
3,Incongruent,3,565.51
3,Incongruent,4,577.96
3,Incongruent,5,618.76
3,Incongruent,6,780.18
3,Incongruent,7,555.96
3,Incongruent,8,662.81
3,Incongruent,9,478.97
3,Incongruent,10,649.87
3,Incongruent,11,721.97
3,Incongruent,12,631.07
3,Incongruent,13,599.65
3,Incongruent,14,668.52
3,Incongruent,15,706.01
3,Incongruent,16,703.09
3,Incongruent,17,807.8
3,Incongruent,18,666.73
3,Incongruent,19,602.61
3,Incongruent,20,639.92
3,Incongruent,21,644.2
3,Incongruent,22,658.7
3,Incongruent,23,647.6
3,Incongruent,24,663.92
3,Incongruent,25,516.33
3,Incongruent,26,716.37
3,Incongruent,27,604.02
3,Incongruent,28,556.15
3,Incongruent,29,701.02
3,Incongruent,30,755.39
4,Congruent,1,589.44
4,Congruent,2,562.89
4,Congruent,3,475.42
4,Congruent,4,779.73
4,Congruent,5,620.42
4,Congruent,6,458.86
4,Congruent,7,487.63
4,Congruent,8,556.96
4,Congruent,9,425.62
4,Congruent,10,563.49
4,Congruent,11,513.27
4,Congruent,12,648.1
4,Congruent,13,626.97
4,Congruent,14,333.1
4,Congruent,15,553.34
4,Congruent,16,420.6
4,Congruent,17,638.77
4,Congruent,18,563.45
4,Congruent,19,593.87
4,Congruent,20,464.79
4,Congruent,21,696.27
4,Congruent,22,711.61
4,Congruent,23,464.82
4,Congruent,24,579.83
4,Congruent,25,496.14
4,Congruent,26,548.11
4,Congruent,27,448.75
4,Congruent,28,699.37
4,Congruent,29,472.47
4,Congruent,30,526.31
4,Incongruent,1,690.12
4,Incongruent,2,598.2
4,Incongruent,3,630.86
4,Incongruent,4,604.91
4,Incongruent,5,639.32
4,Incongruent,6,556.36
4,Incongruent,7,614.96
4,Incongruent,8,633.45
4,Incongruent,9,623.3
4,Incongruent,10,654.54
4,Incongruent,11,626.55
4,Incongruent,12,710.26
4,Incongruent,13,624.14
4,Incongruent,14,639.07
4,Incongruent,15,596.82
4,Incongruent,16,607.88
4,Incongruent,17,548.84
4,Incongruent,18,691.5
4,Incongruent,19,558.6
4,Incongruent,20,590.33
4,Incongruent,21,678.74
4,Incongruent,22,682.21
4,Incongruent,23,617.99
4,Incongruent,24,488.46
4,Incongruent,25,683.64
4,Incongruent,26,670.77
4,Incongruent,27,537.01
4,Incongruent,28,711.63
4,Incongruent,29,593.91
4,Incongruent,30,559.9
5,Congruent,1,557.66
5,Congruent,2,535.72
5,Congruent,3,566.21
5,Congruent,4,421.54
5,Congruent,5,694.98
5,Congruent,6,501.79
5,Congruent,7,426.83
5,Congruent,8,599.51
5,Congruent,9,521.62
5,Congruent,10,575.99
5,Congruent,11,522.83
5,Congruent,12,545.22
5,Congruent,13,569.66
5,Congruent,14,490.27
5,Congruent,15,604.3
5,Congruent,16,512.41
5,Congruent,17,480.43
5,Congruent,18,556.16
5,Congruent,19,585.6
5,Congruent,20,531.67
5,Congruent,21,481.0
5,Congruent,22,599.58
5,Congruent,23,409.17
5,Congruent,24,467.53
5,Congruent,25,553.16
5,Congruent,26,441.12
5,Congruent,27,552.24
5,Congruent,28,545.61
5,Congruent,29,621.9
5,Congruent,30,476.82
5,Incongruent,1,599.93
5,Incongruent,2,676.65
5,Incongruent,3,453.39
5,Incongruent,4,898.0
5,Incongruent,5,594.11
5,Incongruent,6,591.61
5,Incongruent,7,718.89
5,Incongruent,8,646.81
5,Incongruent,9,507.65
5,Incongruent,10,700.15
5,Incongruent,11,718.43
5,Incongruent,12,614.0
5,Incongruent,13,627.47
5,Incongruent,14,688.88
5,Incongruent,15,577.3
5,Incongruent,16,685.07
5,Incongruent,17,665.94
5,Incongruent,18,596.01
5,Incongruent,19,538.63
5,Incongruent,20,631.95
5,Incongruent,21,579.97
5,Incongruent,22,730.11
5,Incongruent,23,661.53
5,Incongruent,24,712.57
5,Incongruent,25,660.77
5,Incongruent,26,671.03
5,Incongruent,27,587.36
5,Incongruent,28,703.44
5,Incongruent,29,792.78
5,Incongruent,30,625.22
6,Congruent,1,502.58
6,Congruent,2,537.37
6,Congruent,3,511.5
6,Congruent,4,493.88
6,Congruent,5,561.06
6,Congruent,6,526.73
6,Congruent,7,665.11
6,Congruent,8,550.02
6,Congruent,9,575.91
6,Congruent,10,626.16
6,Congruent,11,525.94
6,Congruent,12,664.94
6,Congruent,13,499.38
6,Congruent,14,485.33
6,Congruent,15,520.7
6,Congruent,16,540.82
6,Congruent,17,437.89
6,Congruent,18,547.19
6,Congruent,19,416.6
6,Congruent,20,661.37
6,Congruent,21,543.52
6,Congruent,22,498.64
6,Congruent,23,477.33
6,Congruent,24,519.25
6,Congruent,25,532.15
6,Congruent,26,466.44
6,Congruent,27,476.42
6,Congruent,28,535.03
6,Congruent,29,508.34
6,Congruent,30,625.14
6,Incongruent,1,741.03
6,Incongruent,2,651.28
6,Incongruent,3,687.89
6,Incongruent,4,543.18
6,Incongruent,5,700.99
6,Incongruent,6,647.55
6,Incongruent,7,688.77
6,Incongruent,8,778.03
6,Incongruent,9,467.53
6,Incongruent,10,670.88
6,Incongruent,11,562.07
6,Incongruent,12,697.38
6,Incongruent,13,544.93
6,Incongruent,14,610.37
6,Incongruent,15,666.22
6,Incongruent,16,699.08
6,Incongruent,17,655.98
6,Incongruent,18,586.57
6,Incongruent,19,605.72
6,Incongruent,20,720.76
6,Incongruent,21,649.56
6,Incongruent,22,515.29
6,Incongruent,23,717.49
6,Incongruent,24,683.3
6,Incongruent,25,719.87
6,Incongruent,26,623.07
6,Incongruent,27,716.25
6,Incongruent,28,565.11
6,Incongruent,29,695.6
6,Incongruent,30,610.77
7,Congruent,1,603.95
7,Congruent,2,630.45
7,Congruent,3,491.12
7,Congruent,4,545.9
7,Congruent,5,553.12
7,Congruent,6,645.17
7,Congruent,7,606.84
7,Congruent,8,452.46
7,Congruent,9,586.61
7,Congruent,10,609.61
7,Congruent,11,719.9
7,Congruent,12,415.67
7,Congruent,13,507.09
7,Congruent,14,656.67
7,Congruent,15,441.59
7,Congruent,16,454.04
7,Congruent,17,591.37
7,Congruent,18,631.47
7,Congruent,19,496.51
7,Congruent,20,593.21
7,Congruent,21,559.36
7,Congruent,22,671.5
7,Congruent,23,549.88
7,Congruent,24,629.22
7,Congruent,25,477.75
7,Congruent,26,535.21
7,Congruent,27,542.26
7,Congruent,28,641.13
7,Congruent,29,596.37
7,Congruent,30,489.86
7,Incongruent,1,704.56
7,Incongruent,2,711.65
7,Incongruent,3,641.07
7,Incongruent,4,629.39
7,Incongruent,5,634.5
7,Incongruent,6,514.4
7,Incongruent,7,665.1
7,Incongruent,8,668.77
7,Incongruent,9,580.76
7,Incongruent,10,709.4
7,Incongruent,11,540.16
7,Incongruent,12,605.85
7,Incongruent,13,611.98
7,Incongruent,14,809.0
7,Incongruent,15,522.07
7,Incongruent,16,695.01
7,Incongruent,17,725.37
7,Incongruent,18,680.22
7,Incongruent,19,744.54
7,Incongruent,20,569.78
7,Incongruent,21,467.58
7,Incongruent,22,711.35
7,Incongruent,23,554.33
7,Incongruent,24,623.89
7,Incongruent,25,555.69
7,Incongruent,26,734.19
7,Incongruent,27,719.21
7,Incongruent,28,592.39
7,Incongruent,29,722.28
7,Incongruent,30,659.7
8,Congruent,1,538.85
8,Congruent,2,554.59
8,Congruent,3,533.78
8,Congruent,4,599.2
8,Congruent,5,574.83
8,Congruent,6,522.04
8,Congruent,7,630.5
8,Congruent,8,501.08
8,Congruent,9,572.95
8,Congruent,10,583.77
8,Congruent,11,668.3
8,Congruent,12,509.56
8,Congruent,13,689.45
8,Congruent,14,564.09
8,Congruent,15,534.48
8,Congruent,16,496.2
8,Congruent,17,596.9
8,Congruent,18,553.91
8,Congruent,19,461.71
8,Congruent,20,459.77
8,Congruent,21,505.56
8,Congruent,22,495.92
8,Congruent,23,637.22
8,Congruent,24,660.04
8,Congruent,25,619.48
8,Congruent,26,578.63
8,Congruent,27,515.74
8,Congruent,28,554.36
8,Congruent,29,620.78
8,Congruent,30,720.48
8,Incongruent,1,723.03
8,Incongruent,2,627.57
8,Incongruent,3,653.04
8,Incongruent,4,611.4
8,Incongruent,5,587.41
8,Incongruent,6,635.26
8,Incongruent,7,665.65
8,Incongruent,8,796.87
8,Incongruent,9,654.16
8,Incongruent,10,758.59
8,Incongruent,11,791.4
8,Incongruent,12,656.3
8,Incongruent,13,778.62
8,Incongruent,14,707.19
8,Incongruent,15,616.6
8,Incongruent,16,671.21
8,Incongruent,17,651.83
8,Incongruent,18,631.41
8,Incongruent,19,634.1
8,Incongruent,20,661.54
8,Incongruent,21,684.73
8,Incongruent,22,579.21
8,Incongruent,23,649.25
8,Incongruent,24,528.21
8,Incongruent,25,670.86
8,Incongruent,26,699.89
8,Incongruent,27,663.12
8,Incongruent,28,672.87
8,Incongruent,29,697.2
8,Incongruent,30,596.79
9,Congruent,1,530.88
9,Congruent,2,590.87
9,Congruent,3,630.15
9,Congruent,4,581.59
9,Congruent,5,754.23
9,Congruent,6,542.69
9,Congruent,7,629.97
9,Congruent,8,651.34
9,Congruent,9,539.3
9,Congruent,10,484.36
9,Congruent,11,455.39
9,Congruent,12,562.98
9,Congruent,13,638.82
9,Congruent,14,571.73
9,Congruent,15,563.83
9,Congruent,16,519.66
9,Congruent,17,594.88
9,Congruent,18,379.13
9,Congruent,19,568.59
9,Congruent,20,552.25
9,Congruent,21,440.37
9,Congruent,22,724.05
9,Congruent,23,439.01
9,Congruent,24,463.8
9,Congruent,25,453.93
9,Congruent,26,638.83
9,Congruent,27,478.95
9,Congruent,28,603.49
9,Congruent,29,597.0
9,Congruent,30,570.77
9,Incongruent,1,545.39
9,Incongruent,2,601.03
9,Incongruent,3,783.85
9,Incongruent,4,546.74
9,Incongruent,5,583.47
9,Incongruent,6,637.02
9,Incongruent,7,714.72
9,Incongruent,8,670.13
9,Incongruent,9,709.36
9,Incongruent,10,564.62
9,Incongruent,11,725.58
9,Incongruent,12,695.52
9,Incongruent,13,522.43
9,Incongruent,14,773.19
9,Incongruent,15,833.39
9,Incongruent,16,588.51
9,Incongruent,17,654.45
9,Incongruent,18,761.79
9,Incongruent,19,531.5
9,Incongruent,20,490.81
9,Incongruent,21,546.24
9,Incongruent,22,604.63
9,Incongruent,23,603.72
9,Incongruent,24,698.59
9,Incongruent,25,671.48
9,Incongruent,26,550.31
9,Incongruent,27,695.39
9,Incongruent,28,799.93
9,Incongruent,29,745.76
9,Incongruent,30,729.29
10,Congruent,1,551.61
10,Congruent,2,628.69
10,Congruent,3,472.71
10,Congruent,4,610.08
10,Congruent,5,543.02
10,Congruent,6,640.47
10,Congruent,7,587.28
10,Congruent,8,462.81
10,Congruent,9,560.24
10,Congruent,10,647.46
10,Congruent,11,459.66
10,Congruent,12,505.27
10,Congruent,13,488.51
10,Congruent,14,430.35
10,Congruent,15,626.9
10,Congruent,16,654.88
10,Congruent,17,614.0
10,Congruent,18,569.41
10,Congruent,19,545.84
10,Congruent,20,569.15
10,Congruent,21,491.48
10,Congruent,22,621.51
10,Congruent,23,633.64
10,Congruent,24,624.6
10,Congruent,25,507.52
10,Congruent,26,556.27
10,Congruent,27,536.74
10,Congruent,28,693.09
10,Congruent,29,564.38
10,Congruent,30,399.43
10,Incongruent,1,681.88
10,Incongruent,2,800.58
10,Incongruent,3,704.81
10,Incongruent,4,720.36
10,Incongruent,5,652.88
10,Incongruent,6,492.29
10,Incongruent,7,505.18
10,Incongruent,8,550.32
10,Incongruent,9,639.85
10,Incongruent,10,674.8
10,Incongruent,11,705.15
10,Incongruent,12,622.76
10,Incongruent,13,726.55
10,Incongruent,14,627.62
10,Incongruent,15,593.64
10,Incongruent,16,718.13
10,Incongruent,17,576.84
10,Incongruent,18,431.67
10,Incongruent,19,565.2
10,Incongruent,20,657.53
10,Incongruent,21,403.59
10,Incongruent,22,621.43
10,Incongruent,23,623.43
10,Incongruent,24,535.88
10,Incongruent,25,531.4
10,Incongruent,26,613.0
10,Incongruent,27,606.23
10,Incongruent,28,750.79
10,Incongruent,29,679.99
10,Incongruent,30,523.53
11,Congruent,1,481.63
11,Congruent,2,606.41
11,Congruent,3,701.68
11,Congruent,4,580.92
11,Congruent,5,574.86
11,Congruent,6,698.86
11,Congruent,7,548.19
11,Congruent,8,525.27
11,Congruent,9,436.94
11,Congruent,10,508.96
11,Congruent,11,724.3
11,Congruent,12,436.26
11,Congruent,13,550.9
11,Congruent,14,437.33
11,Congruent,15,560.28
11,Congruent,16,621.01
11,Congruent,17,530.51
11,Congruent,18,608.43
11,Congruent,19,607.67
11,Congruent,20,585.76
11,Congruent,21,687.3
11,Congruent,22,612.31
11,Congruent,23,525.6
11,Congruent,24,495.53
11,Congruent,25,482.38
11,Congruent,26,588.07
11,Congruent,27,524.1
11,Congruent,28,768.33
11,Congruent,29,697.4
11,Congruent,30,532.84
11,Incongruent,1,623.67
11,Incongruent,2,785.21
11,Incongruent,3,499.33
11,Incongruent,4,613.88
11,Incongruent,5,726.06
11,Incongruent,6,577.03
11,Incongruent,7,611.85
11,Incongruent,8,621.91
11,Incongruent,9,702.86
11,Incongruent,10,661.0
11,Incongruent,11,682.17
11,Incongruent,12,697.62
11,Incongruent,13,652.4
11,Incongruent,14,738.85
11,Incongruent,15,591.68
11,Incongruent,16,535.11
11,Incongruent,17,507.85
11,Incongruent,18,520.32
11,Incongruent,19,605.96
11,Incongruent,20,732.4
11,Incongruent,21,663.93
11,Incongruent,22,602.12
11,Incongruent,23,564.41
11,Incongruent,24,607.69
11,Incongruent,25,617.71
11,Incongruent,26,604.79
11,Incongruent,27,535.4
11,Incongruent,28,611.94
11,Incongruent,29,731.37
11,Incongruent,30,476.03
12,Congruent,1,530.75
12,Congruent,2,380.29
12,Congruent,3,564.64
12,Congruent,4,490.2
12,Congruent,5,383.14
12,Congruent,6,558.06
12,Congruent,7,695.39
12,Congruent,8,558.71
12,Congruent,9,642.94
12,Congruent,10,544.28
12,Congruent,11,377.39
12,Congruent,12,589.24
12,Congruent,13,516.54
12,Congruent,14,433.03
12,Congruent,15,612.79
12,Congruent,16,572.95
12,Congruent,17,507.97
12,Congruent,18,619.45
12,Congruent,19,480.23
12,Congruent,20,601.47
12,Congruent,21,474.76
12,Congruent,22,592.72
12,Congruent,23,461.94
12,Congruent,24,669.14
12,Congruent,25,570.34
12,Congruent,26,664.63
12,Congruent,27,484.2
12,Congruent,28,511.91
12,Congruent,29,617.17
12,Congruent,30,330.5
12,Incongruent,1,564.66
12,Incongruent,2,732.65
12,Incongruent,3,687.21
12,Incongruent,4,728.3
12,Incongruent,5,625.22
12,Incongruent,6,695.12
12,Incongruent,7,591.53
12,Incongruent,8,540.24
12,Incongruent,9,514.42
12,Incongruent,10,605.86
12,Incongruent,11,606.08
12,Incongruent,12,599.65
12,Incongruent,13,366.1
12,Incongruent,14,490.11
12,Incongruent,15,607.39
12,Incongruent,16,672.96
12,Incongruent,17,603.7
12,Incongruent,18,579.85
12,Incongruent,19,465.32
12,Incongruent,20,811.72
12,Incongruent,21,561.91
12,Incongruent,22,784.67
12,Incongruent,23,774.85
12,Incongruent,24,671.91
12,Incongruent,25,604.19
12,Incongruent,26,660.58
12,Incongruent,27,557.76
12,Incongruent,28,670.86
12,Incongruent,29,650.24
12,Incongruent,30,692.56
13,Congruent,1,626.03
13,Congruent,2,688.63
13,Congruent,3,518.93
13,Congruent,4,633.47
13,Congruent,5,486.67
13,Congruent,6,478.43
13,Congruent,7,500.56
13,Congruent,8,471.44
13,Congruent,9,628.42
13,Congruent,10,623.86
13,Congruent,11,651.78
13,Congruent,12,547.98
13,Congruent,13,571.95
13,Congruent,14,503.73
13,Congruent,15,457.92
13,Congruent,16,585.76
13,Congruent,17,571.47
13,Congruent,18,461.44
13,Congruent,19,596.83
13,Congruent,20,410.66
13,Congruent,21,535.68
13,Congruent,22,499.57
13,Congruent,23,507.66
13,Congruent,24,463.32
13,Congruent,25,626.2
13,Congruent,26,595.28
13,Congruent,27,644.67
13,Congruent,28,560.44
13,Congruent,29,446.16
13,Congruent,30,519.68
13,Incongruent,1,554.68
13,Incongruent,2,685.74
13,Incongruent,3,745.9
13,Incongruent,4,675.29
13,Incongruent,5,601.0
13,Incongruent,6,619.33
13,Incongruent,7,665.24
13,Incongruent,8,533.17
13,Incongruent,9,660.77
13,Incongruent,10,664.68
13,Incongruent,11,605.18
13,Incongruent,12,615.28
13,Incongruent,13,662.31
13,Incongruent,14,582.94
13,Incongruent,15,582.76
13,Incongruent,16,710.8
13,Incongruent,17,666.27
13,Incongruent,18,782.69
13,Incongruent,19,569.36
13,Incongruent,20,505.92
13,Incongruent,21,723.5
13,Incongruent,22,724.73
13,Incongruent,23,589.03
13,Incongruent,24,530.57
13,Incongruent,25,644.22
13,Incongruent,26,507.77
13,Incongruent,27,620.48
13,Incongruent,28,473.13
13,Incongruent,29,628.56
13,Incongruent,30,477.89
14,Congruent,1,528.49
14,Congruent,2,668.76
14,Congruent,3,525.94
14,Congruent,4,608.82
14,Congruent,5,495.83
14,Congruent,6,475.72
14,Congruent,7,427.19
14,Congruent,8,630.18
14,Congruent,9,542.24
14,Congruent,10,676.59
14,Congruent,11,452.41
14,Congruent,12,528.79
14,Congruent,13,552.89
14,Congruent,14,659.45
14,Congruent,15,692.15
14,Congruent,16,494.43
14,Congruent,17,455.58
14,Congruent,18,407.29
14,Congruent,19,653.1
14,Congruent,20,539.12
14,Congruent,21,494.2
14,Congruent,22,541.88
14,Congruent,23,341.29
14,Congruent,24,407.87
14,Congruent,25,620.7
14,Congruent,26,577.52
14,Congruent,27,557.85
14,Congruent,28,465.71
14,Congruent,29,592.83
14,Congruent,30,688.07
14,Incongruent,1,547.82
14,Incongruent,2,646.95
14,Incongruent,3,610.95
14,Incongruent,4,674.61
14,Incongruent,5,646.85
14,Incongruent,6,633.95
14,Incongruent,7,575.13
14,Incongruent,8,644.43
14,Incongruent,9,596.54
14,Incongruent,10,633.97
14,Incongruent,11,640.6
14,Incongruent,12,698.02
14,Incongruent,13,599.09
14,Incongruent,14,619.81
14,Incongruent,15,731.44
14,Incongruent,16,628.21
14,Incongruent,17,624.72
14,Incongruent,18,714.82
14,Incongruent,19,667.48
14,Incongruent,20,652.98
14,Incongruent,21,663.3
14,Incongruent,22,546.56
14,Incongruent,23,682.66
14,Incongruent,24,751.9
14,Incongruent,25,692.39
14,Incongruent,26,521.51
14,Incongruent,27,668.82
14,Incongruent,28,573.78
14,Incongruent,29,628.13
14,Incongruent,30,656.71
15,Congruent,1,451.04
15,Congruent,2,653.37
15,Congruent,3,541.07
15,Congruent,4,610.03
15,Congruent,5,597.48
15,Congruent,6,654.27
15,Congruent,7,642.14
15,Congruent,8,428.95
15,Congruent,9,550.38
15,Congruent,10,376.21
15,Congruent,11,511.3
15,Congruent,12,604.27
15,Congruent,13,620.26
15,Congruent,14,650.31
15,Congruent,15,517.06
15,Congruent,16,572.88
15,Congruent,17,555.09
15,Congruent,18,648.69
15,Congruent,19,674.42
15,Congruent,20,518.68
15,Congruent,21,850.13
15,Congruent,22,547.12
15,Congruent,23,518.09
15,Congruent,24,595.43
15,Congruent,25,608.18
15,Congruent,26,591.25
15,Congruent,27,495.63
15,Congruent,28,665.5
15,Congruent,29,552.07
15,Congruent,30,670.84
15,Incongruent,1,759.32
15,Incongruent,2,546.09
15,Incongruent,3,569.65
15,Incongruent,4,568.06
15,Incongruent,5,668.17
15,Incongruent,6,652.57
15,Incongruent,7,669.81
15,Incongruent,8,583.38
15,Incongruent,9,682.57
15,Incongruent,10,760.81
15,Incongruent,11,541.71
15,Incongruent,12,632.9
15,Incongruent,13,668.48
15,Incongruent,14,638.24
15,Incongruent,15,632.87
15,Incongruent,16,790.18
15,Incongruent,17,751.37
15,Incongruent,18,716.67
15,Incongruent,19,587.82
15,Incongruent,20,828.05
15,Incongruent,21,677.67
15,Incongruent,22,602.56
15,Incongruent,23,621.81
15,Incongruent,24,609.65
15,Incongruent,25,818.52
15,Incongruent,26,665.29
15,Incongruent,27,653.95
15,Incongruent,28,476.67
15,Incongruent,29,707.9
15,Incongruent,30,564.28
16,Congruent,1,458.56
16,Congruent,2,597.96
16,Congruent,3,479.89
16,Congruent,4,615.83
16,Congruent,5,638.71
16,Congruent,6,405.81
16,Congruent,7,538.07
16,Congruent,8,423.05
16,Congruent,9,544.01
16,Congruent,10,621.94
16,Congruent,11,439.85
16,Congruent,12,693.13
16,Congruent,13,524.03
16,Congruent,14,454.19
16,Congruent,15,538.85
16,Congruent,16,612.14
16,Congruent,17,438.57
16,Congruent,18,548.86
16,Congruent,19,438.82
16,Congruent,20,645.0
16,Congruent,21,561.03
16,Congruent,22,514.59
16,Congruent,23,631.4
16,Congruent,24,445.47
16,Congruent,25,517.07
16,Congruent,26,696.2
16,Congruent,27,538.55
16,Congruent,28,657.0
16,Congruent,29,564.06
16,Congruent,30,492.43
16,Incongruent,1,628.7
16,Incongruent,2,654.55
16,Incongruent,3,615.6
16,Incongruent,4,582.42
16,Incongruent,5,585.81
16,Incongruent,6,529.64
16,Incongruent,7,657.13
16,Incongruent,8,679.77
16,Incongruent,9,708.18
16,Incongruent,10,503.79
16,Incongruent,11,712.71
16,Incongruent,12,646.87
16,Incongruent,13,533.95
16,Incongruent,14,656.07
16,Incongruent,15,713.41
16,Incongruent,16,690.03
16,Incongruent,17,706.27
16,Incongruent,18,723.87
16,Incongruent,19,719.92
16,Incongruent,20,645.4
16,Incongruent,21,481.66
16,Incongruent,22,587.5
16,Incongruent,23,676.77
16,Incongruent,24,610.73
16,Incongruent,25,703.15
16,Incongruent,26,712.15
16,Incongruent,27,652.19
16,Incongruent,28,798.73
16,Incongruent,29,570.36
16,Incongruent,30,722.88
17,Congruent,1,510.59
17,Congruent,2,485.96
17,Congruent,3,595.51
17,Congruent,4,499.15
17,Congruent,5,617.14
17,Congruent,6,455.1
17,Congruent,7,551.25
17,Congruent,8,480.97
17,Congruent,9,529.64
17,Congruent,10,518.69
17,Congruent,11,458.16
17,Congruent,12,600.9
17,Congruent,13,448.86
17,Congruent,14,470.07
17,Congruent,15,619.82
17,Congruent,16,626.38
17,Congruent,17,601.96
17,Congruent,18,575.76
17,Congruent,19,730.82
17,Congruent,20,451.81
17,Congruent,21,489.12
17,Congruent,22,469.1
17,Congruent,23,620.52
17,Congruent,24,571.68
17,Congruent,25,637.52
17,Congruent,26,626.46
17,Congruent,27,530.67
17,Congruent,28,483.17
17,Congruent,29,469.32
17,Congruent,30,725.65
17,Incongruent,1,726.15
17,Incongruent,2,696.2
17,Incongruent,3,621.65
17,Incongruent,4,632.93
17,Incongruent,5,621.27
17,Incongruent,6,622.9
17,Incongruent,7,456.52
17,Incongruent,8,643.9
17,Incongruent,9,618.23
17,Incongruent,10,672.0
17,Incongruent,11,665.59
17,Incongruent,12,717.1
17,Incongruent,13,647.79
17,Incongruent,14,712.59
17,Incongruent,15,443.96
17,Incongruent,16,560.75
17,Incongruent,17,786.92
17,Incongruent,18,551.32
17,Incongruent,19,626.54
17,Incongruent,20,705.41
17,Incongruent,21,578.26
17,Incongruent,22,706.67
17,Incongruent,23,534.62
17,Incongruent,24,495.8
17,Incongruent,25,542.52
17,Incongruent,26,516.57
17,Incongruent,27,647.45
17,Incongruent,28,623.44
17,Incongruent,29,675.14
17,Incongruent,30,566.01
18,Congruent,1,752.3
18,Congruent,2,541.23
18,Congruent,3,545.21
18,Congruent,4,585.33
18,Congruent,5,529.39
18,Congruent,6,498.36
18,Congruent,7,555.74
18,Congruent,8,622.38
18,Congruent,9,602.14
18,Congruent,10,624.25
18,Congruent,11,503.78
18,Congruent,12,486.94
18,Congruent,13,709.29
18,Congruent,14,529.85
18,Congruent,15,587.26
18,Congruent,16,608.07
18,Congruent,17,662.68
18,Congruent,18,440.94
18,Congruent,19,510.63
18,Congruent,20,514.38
18,Congruent,21,524.95
18,Congruent,22,356.06
18,Congruent,23,541.39
18,Congruent,24,317.59
18,Congruent,25,572.97
18,Congruent,26,592.15
18,Congruent,27,596.99
18,Congruent,28,452.79
18,Congruent,29,625.6
18,Congruent,30,480.09
18,Incongruent,1,551.05
18,Incongruent,2,570.81
18,Incongruent,3,581.44
18,Incongruent,4,663.08
18,Incongruent,5,715.28
18,Incongruent,6,481.2
18,Incongruent,7,606.06
18,Incongruent,8,721.52
18,Incongruent,9,665.7
18,Incongruent,10,690.14
18,Incongruent,11,529.63
18,Incongruent,12,725.9
18,Incongruent,13,524.48
18,Incongruent,14,665.21
18,Incongruent,15,758.9
18,Incongruent,16,800.35
18,Incongruent,17,690.92
18,Incongruent,18,720.48
18,Incongruent,19,601.49
18,Incongruent,20,611.48
18,Incongruent,21,743.55
18,Incongruent,22,650.13
18,Incongruent,23,639.81
18,Incongruent,24,537.16
18,Incongruent,25,662.05
18,Incongruent,26,701.67
18,Incongruent,27,586.47
18,Incongruent,28,609.43
18,Incongruent,29,776.44
18,Incongruent,30,664.26
19,Congruent,1,526.91
19,Congruent,2,459.04
19,Congruent,3,500.43
19,Congruent,4,530.0
19,Congruent,5,659.53
19,Congruent,6,501.16
19,Congruent,7,693.55
19,Congruent,8,475.7
19,Congruent,9,521.39
19,Congruent,10,617.48
19,Congruent,11,530.78
19,Congruent,12,483.58
19,Congruent,13,539.45
19,Congruent,14,585.9
19,Congruent,15,412.74
19,Congruent,16,530.12
19,Congruent,17,541.25
19,Congruent,18,517.7
19,Congruent,19,608.83
19,Congruent,20,504.52
19,Congruent,21,520.84
19,Congruent,22,553.01
19,Congruent,23,608.31
19,Congruent,24,532.31
19,Congruent,25,671.33
19,Congruent,26,477.38
19,Congruent,27,652.92
19,Congruent,28,481.37
19,Congruent,29,536.95
19,Congruent,30,579.12
19,Incongruent,1,814.39
19,Incongruent,2,721.67
19,Incongruent,3,617.53
19,Incongruent,4,753.93
19,Incongruent,5,632.9
19,Incongruent,6,586.68
19,Incongruent,7,685.89
19,Incongruent,8,657.56
19,Incongruent,9,726.29
19,Incongruent,10,606.02
19,Incongruent,11,680.52
19,Incongruent,12,700.76
19,Incongruent,13,672.24
19,Incongruent,14,647.68
19,Incongruent,15,594.19
19,Incongruent,16,722.3
19,Incongruent,17,660.98
19,Incongruent,18,689.7
19,Incongruent,19,621.94
19,Incongruent,20,651.04
19,Incongruent,21,567.02
19,Incongruent,22,656.84
19,Incongruent,23,711.22
19,Incongruent,24,657.44
19,Incongruent,25,718.75
19,Incongruent,26,675.03
19,Incongruent,27,759.11
19,Incongruent,28,634.8
19,Incongruent,29,518.91
19,Incongruent,30,684.6
20,Congruent,1,536.78
20,Congruent,2,472.06
20,Congruent,3,602.1
20,Congruent,4,571.15
20,Congruent,5,585.63
20,Congruent,6,523.41
20,Congruent,7,565.76
20,Congruent,8,570.35
20,Congruent,9,691.97
20,Congruent,10,495.28
20,Congruent,11,549.16
20,Congruent,12,579.11
20,Congruent,13,412.02
20,Congruent,14,421.76
20,Congruent,15,723.27
20,Congruent,16,408.63
20,Congruent,17,595.99
20,Congruent,18,482.14
20,Congruent,19,488.95
20,Congruent,20,391.4
20,Congruent,21,477.94
20,Congruent,22,612.75
20,Congruent,23,438.9
20,Congruent,24,597.63
20,Congruent,25,575.06
20,Congruent,26,711.46
20,Congruent,27,512.04
20,Congruent,28,651.07
20,Congruent,29,621.11
20,Congruent,30,527.07
20,Incongruent,1,516.96
20,Incongruent,2,770.76
20,Incongruent,3,540.85
20,Incongruent,4,612.13
20,Incongruent,5,720.65
20,Incongruent,6,739.28
20,Incongruent,7,582.36
20,Incongruent,8,647.44
20,Incongruent,9,629.31
20,Incongruent,10,744.52
20,Incongruent,11,850.37
20,Incongruent,12,503.61
20,Incongruent,13,723.31
20,Incongruent,14,421.35
20,Incongruent,15,651.13
20,Incongruent,16,561.3
20,Incongruent,17,809.35
20,Incongruent,18,663.31
20,Incongruent,19,591.06
20,Incongruent,20,610.05
20,Incongruent,21,603.98
20,Incongruent,22,665.06
20,Incongruent,23,637.35
20,Incongruent,24,702.47
20,Incongruent,25,773.22
20,Incongruent,26,706.11
20,Incongruent,27,551.92
20,Incongruent,28,520.1
20,Incongruent,29,589.57
20,Incongruent,30,734.26
21,Congruent,1,523.2
21,Congruent,2,496.59
21,Congruent,3,561.06
21,Congruent,4,436.76
21,Congruent,5,458.85
21,Congruent,6,590.83
21,Congruent,7,525.75
21,Congruent,8,513.74
21,Congruent,9,575.41
21,Congruent,10,503.21
21,Congruent,11,495.1
21,Congruent,12,513.22
21,Congruent,13,598.21
21,Congruent,14,554.79
21,Congruent,15,454.43
21,Congruent,16,525.76
21,Congruent,17,601.86
21,Congruent,18,699.66
21,Congruent,19,458.61
21,Congruent,20,577.08
21,Congruent,21,529.3
21,Congruent,22,616.04
21,Congruent,23,585.96
21,Congruent,24,667.77
21,Congruent,25,591.56
21,Congruent,26,506.39
21,Congruent,27,506.91
21,Congruent,28,582.44
21,Congruent,29,581.6
21,Congruent,30,741.83
21,Incongruent,1,784.11
21,Incongruent,2,556.11
21,Incongruent,3,678.02
21,Incongruent,4,543.52
21,Incongruent,5,517.55
21,Incongruent,6,709.48
21,Incongruent,7,694.14
21,Incongruent,8,566.91
21,Incongruent,9,781.49
21,Incongruent,10,571.79
21,Incongruent,11,556.58
21,Incongruent,12,702.21
21,Incongruent,13,667.68
21,Incongruent,14,637.16
21,Incongruent,15,644.63
21,Incongruent,16,667.9
21,Incongruent,17,638.83
21,Incongruent,18,636.2
21,Incongruent,19,498.32
21,Incongruent,20,542.64
21,Incongruent,21,698.88
21,Incongruent,22,593.66
21,Incongruent,23,693.62
21,Incongruent,24,748.84
21,Incongruent,25,621.6
21,Incongruent,26,672.64
21,Incongruent,27,816.12
21,Incongruent,28,705.59
21,Incongruent,29,797.35
21,Incongruent,30,772.67
22,Congruent,1,610.27
22,Congruent,2,541.05
22,Congruent,3,482.64
22,Congruent,4,461.06
22,Congruent,5,588.91
22,Congruent,6,587.45
22,Congruent,7,536.03
22,Congruent,8,617.88
22,Congruent,9,501.64
22,Congruent,10,638.82
22,Congruent,11,553.2
22,Congruent,12,547.09
22,Congruent,13,549.98
22,Congruent,14,542.11
22,Congruent,15,749.06
22,Congruent,16,421.08
22,Congruent,17,564.18
22,Congruent,18,649.53
22,Congruent,19,607.4
22,Congruent,20,525.83
22,Congruent,21,689.21
22,Congruent,22,464.52
22,Congruent,23,445.5
22,Congruent,24,595.45
22,Congruent,25,433.64
22,Congruent,26,359.76
22,Congruent,27,620.63
22,Congruent,28,610.91
22,Congruent,29,608.58
22,Congruent,30,511.0
22,Incongruent,1,664.64
22,Incongruent,2,572.77
22,Incongruent,3,788.75
22,Incongruent,4,713.28
22,Incongruent,5,709.38
22,Incongruent,6,494.0
22,Incongruent,7,714.58
22,Incongruent,8,769.52
22,Incongruent,9,747.3
22,Incongruent,10,713.13
22,Incongruent,11,649.92
22,Incongruent,12,622.65
22,Incongruent,13,698.13
22,Incongruent,14,680.62
22,Incongruent,15,668.91
22,Incongruent,16,625.26
22,Incongruent,17,784.5
22,Incongruent,18,556.57
22,Incongruent,19,648.19
22,Incongruent,20,603.59
22,Incongruent,21,732.56
22,Incongruent,22,764.44
22,Incongruent,23,749.53
22,Incongruent,24,710.43
22,Incongruent,25,537.79
22,Incongruent,26,816.5
22,Incongruent,27,691.34
22,Incongruent,28,641.32
22,Incongruent,29,651.72
22,Incongruent,30,622.84
23,Congruent,1,583.91
23,Congruent,2,574.81
23,Congruent,3,521.19
23,Congruent,4,344.41
23,Congruent,5,547.19
23,Congruent,6,588.15
23,Congruent,7,592.09
23,Congruent,8,537.72
23,Congruent,9,586.27
23,Congruent,10,632.27
23,Congruent,11,512.38
23,Congruent,12,667.3
23,Congruent,13,393.59
23,Congruent,14,449.12
23,Congruent,15,477.59
23,Congruent,16,354.44
23,Congruent,17,470.02
23,Congruent,18,649.87
23,Congruent,19,649.32
23,Congruent,20,557.79
23,Congruent,21,687.68
23,Congruent,22,569.16
23,Congruent,23,510.18
23,Congruent,24,569.33
23,Congruent,25,539.03
23,Congruent,26,608.87
23,Congruent,27,429.76
23,Congruent,28,629.95
23,Congruent,29,513.24
23,Congruent,30,618.43
23,Incongruent,1,526.72
23,Incongruent,2,616.46
23,Incongruent,3,656.25
23,Incongruent,4,722.12
23,Incongruent,5,552.6
23,Incongruent,6,783.4
23,Incongruent,7,688.61
23,Incongruent,8,607.94
23,Incongruent,9,747.38
23,Incongruent,10,658.22
23,Incongruent,11,742.66
23,Incongruent,12,835.85
23,Incongruent,13,711.48
23,Incongruent,14,607.87
23,Incongruent,15,615.94
23,Incongruent,16,696.6
23,Incongruent,17,673.03
23,Incongruent,18,583.36
23,Incongruent,19,596.55
23,Incongruent,20,703.26
23,Incongruent,21,837.74
23,Incongruent,22,439.57
23,Incongruent,23,707.91
23,Incongruent,24,633.12
23,Incongruent,25,712.35
23,Incongruent,26,719.42
23,Incongruent,27,654.23
23,Incongruent,28,568.72
23,Incongruent,29,538.24
23,Incongruent,30,500.07
24,Congruent,1,647.79
24,Congruent,2,533.22
24,Congruent,3,506.78
24,Congruent,4,527.78
24,Congruent,5,442.84
24,Congruent,6,574.37
24,Congruent,7,655.5
24,Congruent,8,641.08
24,Congruent,9,424.74
24,Congruent,10,659.08
24,Congruent,11,488.86
24,Congruent,12,396.96
24,Congruent,13,451.64
24,Congruent,14,472.68
24,Congruent,15,549.44
24,Congruent,16,467.44
24,Congruent,17,429.18
24,Congruent,18,528.84
24,Congruent,19,703.91
24,Congruent,20,493.81
24,Congruent,21,587.14
24,Congruent,22,556.4
24,Congruent,23,762.65
24,Congruent,24,398.14
24,Congruent,25,637.63
24,Congruent,26,447.49
24,Congruent,27,502.61
24,Congruent,28,542.27
24,Congruent,29,804.89
24,Congruent,30,488.96
24,Incongruent,1,498.89
24,Incongruent,2,753.79
24,Incongruent,3,582.86
24,Incongruent,4,630.56
24,Incongruent,5,648.08
24,Incongruent,6,657.76
24,Incongruent,7,636.39
24,Incongruent,8,671.42
24,Incongruent,9,680.99
24,Incongruent,10,718.31
24,Incongruent,11,615.82
24,Incongruent,12,590.1
24,Incongruent,13,564.92
24,Incongruent,14,697.42
24,Incongruent,15,646.3
24,Incongruent,16,694.26
24,Incongruent,17,693.06
24,Incongruent,18,784.87
24,Incongruent,19,666.6
24,Incongruent,20,710.19
24,Incongruent,21,553.79
24,Incongruent,22,563.58
24,Incongruent,23,625.06
24,Incongruent,24,552.66
24,Incongruent,25,705.17
24,Incongruent,26,543.36
24,Incongruent,27,655.47
24,Incongruent,28,453.35
24,Incongruent,29,561.62
24,Incongruent,30,622.88
25,Congruent,1,529.28
25,Congruent,2,406.67
25,Congruent,3,558.69
25,Congruent,4,627.99
25,Congruent,5,601.86
25,Congruent,6,497.31
25,Congruent,7,503.02
25,Congruent,8,455.1
25,Congruent,9,600.38
25,Congruent,10,665.33
25,Congruent,11,507.92
25,Congruent,12,414.17
25,Congruent,13,566.0
25,Congruent,14,606.62
25,Congruent,15,332.23
25,Congruent,16,561.07
25,Congruent,17,723.15
25,Congruent,18,615.65
25,Congruent,19,594.04
25,Congruent,20,582.17
25,Congruent,21,634.95
25,Congruent,22,474.71
25,Congruent,23,482.37
25,Congruent,24,582.61
25,Congruent,25,495.17
25,Congruent,26,570.7
25,Congruent,27,397.0
25,Congruent,28,610.64
25,Congruent,29,617.76
25,Congruent,30,553.49
25,Incongruent,1,663.15
25,Incongruent,2,779.65
25,Incongruent,3,563.35
25,Incongruent,4,576.95
25,Incongruent,5,562.5
25,Incongruent,6,616.02
25,Incongruent,7,569.11
25,Incongruent,8,652.96
25,Incongruent,9,597.94
25,Incongruent,10,534.07
25,Incongruent,11,525.99
25,Incongruent,12,746.93
25,Incongruent,13,644.49
25,Incongruent,14,631.81
25,Incongruent,15,652.13
25,Incongruent,16,643.41
25,Incongruent,17,710.49
25,Incongruent,18,694.98
25,Incongruent,19,602.82
25,Incongruent,20,584.12
25,Incongruent,21,563.06
25,Incongruent,22,549.91
25,Incongruent,23,762.17
25,Incongruent,24,576.68
25,Incongruent,25,488.48
25,Incongruent,26,582.52
25,Incongruent,27,586.93
25,Incongruent,28,676.39
25,Incongruent,29,579.12
25,Incongruent,30,692.78
26,Congruent,1,581.08
26,Congruent,2,651.35
26,Congruent,3,723.36
26,Congruent,4,777.91
26,Congruent,5,658.07
26,Congruent,6,457.22
26,Congruent,7,517.66
26,Congruent,8,569.81
26,Congruent,9,715.45
26,Congruent,10,604.13
26,Congruent,11,646.27
26,Congruent,12,536.08
26,Congruent,13,597.22
26,Congruent,14,607.46
26,Congruent,15,513.5
26,Congruent,16,612.19
26,Congruent,17,635.66
26,Congruent,18,537.33
26,Congruent,19,631.45
26,Congruent,20,681.84
26,Congruent,21,555.3
26,Congruent,22,550.03
26,Congruent,23,525.23
26,Congruent,24,500.46
26,Congruent,25,562.49
26,Congruent,26,517.05
26,Congruent,27,525.04
26,Congruent,28,488.12
26,Congruent,29,427.12
26,Congruent,30,475.02
26,Incongruent,1,676.32
26,Incongruent,2,555.35
26,Incongruent,3,598.16
26,Incongruent,4,781.37
26,Incongruent,5,740.12
26,Incongruent,6,594.53
26,Incongruent,7,698.27
26,Incongruent,8,597.98
26,Incongruent,9,780.21
26,Incongruent,10,603.14
26,Incongruent,11,656.54
26,Incongruent,12,760.78
26,Incongruent,13,583.77
26,Incongruent,14,754.36
26,Incongruent,15,584.6
26,Incongruent,16,669.06
26,Incongruent,17,626.35
26,Incongruent,18,642.92
26,Incongruent,19,662.81
26,Incongruent,20,644.05
26,Incongruent,21,568.61
26,Incongruent,22,719.33
26,Incongruent,23,707.64
26,Incongruent,24,753.19
26,Incongruent,25,760.8
26,Incongruent,26,542.48
26,Incongruent,27,752.84
26,Incongruent,28,753.82
26,Incongruent,29,607.42
26,Incongruent,30,732.99
27,Congruent,1,667.46
27,Congruent,2,506.89
27,Congruent,3,439.7
27,Congruent,4,521.24
27,Congruent,5,773.42
27,Congruent,6,568.9
27,Congruent,7,452.86
27,Congruent,8,529.76
27,Congruent,9,470.48
27,Congruent,10,518.06
27,Congruent,11,557.61
27,Congruent,12,345.07
27,Congruent,13,578.83
27,Congruent,14,663.17
27,Congruent,15,534.21
27,Congruent,16,519.38
27,Congruent,17,637.49
27,Congruent,18,448.67
27,Congruent,19,450.33
27,Congruent,20,438.76
27,Congruent,21,537.41
27,Congruent,22,581.52
27,Congruent,23,542.75
27,Congruent,24,593.98
27,Congruent,25,616.46
27,Congruent,26,589.73
27,Congruent,27,485.31
27,Congruent,28,528.55
27,Congruent,29,649.86
27,Congruent,30,466.27
27,Incongruent,1,629.73
27,Incongruent,2,616.62
27,Incongruent,3,635.59
27,Incongruent,4,563.95
27,Incongruent,5,542.05
27,Incongruent,6,854.48
27,Incongruent,7,725.67
27,Incongruent,8,592.99
27,Incongruent,9,645.28
27,Incongruent,10,704.14
27,Incongruent,11,622.51
27,Incongruent,12,699.32
27,Incongruent,13,600.78
27,Incongruent,14,621.32
27,Incongruent,15,643.22
27,Incongruent,16,613.4
27,Incongruent,17,453.77
27,Incongruent,18,651.69
27,Incongruent,19,670.93
27,Incongruent,20,688.1
27,Incongruent,21,570.48
27,Incongruent,22,677.54
27,Incongruent,23,667.26
27,Incongruent,24,508.49
27,Incongruent,25,473.85
27,Incongruent,26,688.12
27,Incongruent,27,573.67
27,Incongruent,28,730.18
27,Incongruent,29,821.23
27,Incongruent,30,603.38
28,Congruent,1,494.85
28,Congruent,2,549.06
28,Congruent,3,603.98
28,Congruent,4,459.14
28,Congruent,5,649.64
28,Congruent,6,629.3
28,Congruent,7,602.89
28,Congruent,8,506.81
28,Congruent,9,623.3
28,Congruent,10,618.58
28,Congruent,11,453.92
28,Congruent,12,717.21
28,Congruent,13,525.96
28,Congruent,14,579.53
28,Congruent,15,508.07
28,Congruent,16,580.79
28,Congruent,17,642.81
28,Congruent,18,485.41
28,Congruent,19,417.57
28,Congruent,20,514.0
28,Congruent,21,445.52
28,Congruent,22,489.31
28,Congruent,23,539.88
28,Congruent,24,544.87
28,Congruent,25,653.26
28,Congruent,26,468.82
28,Congruent,27,578.22
28,Congruent,28,509.39
28,Congruent,29,659.2
28,Congruent,30,752.22
28,Incongruent,1,674.28
28,Incongruent,2,783.94
28,Incongruent,3,607.58
28,Incongruent,4,522.05
28,Incongruent,5,548.37
28,Incongruent,6,523.67
28,Incongruent,7,573.62
28,Incongruent,8,630.78
28,Incongruent,9,742.01
28,Incongruent,10,705.99
28,Incongruent,11,687.1
28,Incongruent,12,616.1
28,Incongruent,13,592.25
28,Incongruent,14,652.66
28,Incongruent,15,661.01
28,Incongruent,16,670.5
28,Incongruent,17,679.72
28,Incongruent,18,640.59
28,Incongruent,19,496.03
28,Incongruent,20,560.78
28,Incongruent,21,583.95
28,Incongruent,22,785.74
28,Incongruent,23,615.82
28,Incongruent,24,704.0
28,Incongruent,25,767.14
28,Incongruent,26,676.67
28,Incongruent,27,618.58
28,Incongruent,28,626.54
28,Incongruent,29,568.21
28,Incongruent,30,674.52
29,Congruent,1,640.25
29,Congruent,2,595.58
29,Congruent,3,611.71
29,Congruent,4,607.41
29,Congruent,5,710.32
29,Congruent,6,499.29
29,Congruent,7,562.6
29,Congruent,8,606.44
29,Congruent,9,649.78
29,Congruent,10,355.79
29,Congruent,11,508.21
29,Congruent,12,533.32
29,Congruent,13,467.65
29,Congruent,14,617.77
29,Congruent,15,567.52
29,Congruent,16,518.28
29,Congruent,17,419.27
29,Congruent,18,444.1
29,Congruent,19,471.17
29,Congruent,20,586.38
29,Congruent,21,452.46
29,Congruent,22,384.45
29,Congruent,23,433.8
29,Congruent,24,502.64
29,Congruent,25,683.86
29,Congruent,26,750.15
29,Congruent,27,511.49
29,Congruent,28,625.51
29,Congruent,29,662.1
29,Congruent,30,652.76
29,Incongruent,1,640.66
29,Incongruent,2,545.83
29,Incongruent,3,610.94
29,Incongruent,4,501.04
29,Incongruent,5,669.09
29,Incongruent,6,712.2
29,Incongruent,7,498.56
29,Incongruent,8,645.85
29,Incongruent,9,673.39
29,Incongruent,10,749.95
29,Incongruent,11,760.29
29,Incongruent,12,714.1
29,Incongruent,13,595.06
29,Incongruent,14,620.53
29,Incongruent,15,746.34
29,Incongruent,16,601.53
29,Incongruent,17,646.62
29,Incongruent,18,774.86
29,Incongruent,19,660.23
29,Incongruent,20,540.04
29,Incongruent,21,626.35
29,Incongruent,22,701.15
29,Incongruent,23,634.77
29,Incongruent,24,742.9
29,Incongruent,25,752.56
29,Incongruent,26,597.93
29,Incongruent,27,609.71
29,Incongruent,28,641.66
29,Incongruent,29,553.86
29,Incongruent,30,680.23
30,Congruent,1,535.58
30,Congruent,2,612.82
30,Congruent,3,501.99
30,Congruent,4,479.62
30,Congruent,5,697.02
30,Congruent,6,479.65
30,Congruent,7,503.15
30,Congruent,8,491.4
30,Congruent,9,525.63
30,Congruent,10,476.72
30,Congruent,11,546.4
30,Congruent,12,493.61
30,Congruent,13,516.65
30,Congruent,14,579.03
30,Congruent,15,606.13
30,Congruent,16,587.36
30,Congruent,17,491.11
30,Congruent,18,581.77
30,Congruent,19,540.36
30,Congruent,20,541.49
30,Congruent,21,412.21
30,Congruent,22,603.71
30,Congruent,23,538.83
30,Congruent,24,686.5
30,Congruent,25,601.21
30,Congruent,26,460.68
30,Congruent,27,440.22
30,Congruent,28,642.08
30,Congruent,29,480.01
30,Congruent,30,604.76
30,Incongruent,1,625.94
30,Incongruent,2,818.31
30,Incongruent,3,656.42
30,Incongruent,4,771.26
30,Incongruent,5,756.73
30,Incongruent,6,613.12
30,Incongruent,7,623.92
30,Incongruent,8,769.16
30,Incongruent,9,650.57
30,Incongruent,10,581.15
30,Incongruent,11,747.09
30,Incongruent,12,856.79
30,Incongruent,13,648.12
30,Incongruent,14,763.47
30,Incongruent,15,638.81
30,Incongruent,16,760.49
30,Incongruent,17,633.08
30,Incongruent,18,759.09
30,Incongruent,19,696.23
30,Incongruent,20,638.25
30,Incongruent,21,672.07
30,Incongruent,22,609.94
30,Incongruent,23,563.39
30,Incongruent,24,569.15
30,Incongruent,25,649.31
30,Incongruent,26,569.42
30,Incongruent,27,689.48
30,Incongruent,28,696.98
30,Incongruent,29,692.3
30,Incongruent,30,615.04
31,Congruent,1,559.47
31,Congruent,2,553.0
31,Congruent,3,660.99
31,Congruent,4,490.65
31,Congruent,5,524.51
31,Congruent,6,536.65
31,Congruent,7,543.96
31,Congruent,8,495.47
31,Congruent,9,505.15
31,Congruent,10,636.81
31,Congruent,11,504.46
31,Congruent,12,628.98
31,Congruent,13,718.47
31,Congruent,14,657.94
31,Congruent,15,410.96
31,Congruent,16,617.57
31,Congruent,17,593.97
31,Congruent,18,599.25
31,Congruent,19,425.52
31,Congruent,20,616.42
31,Congruent,21,468.47
31,Congruent,22,659.16
31,Congruent,23,641.31
31,Congruent,24,759.49
31,Congruent,25,524.46
31,Congruent,26,433.3
31,Congruent,27,639.14
31,Congruent,28,625.13
31,Congruent,29,524.51
31,Congruent,30,663.99
31,Incongruent,1,710.22
31,Incongruent,2,551.98
31,Incongruent,3,626.89
31,Incongruent,4,619.3
31,Incongruent,5,646.2
31,Incongruent,6,670.33
31,Incongruent,7,599.28
31,Incongruent,8,639.13
31,Incongruent,9,702.11
31,Incongruent,10,649.01
31,Incongruent,11,633.26
31,Incongruent,12,630.5
31,Incongruent,13,646.84
31,Incongruent,14,501.59
31,Incongruent,15,667.68
31,Incongruent,16,572.54
31,Incongruent,17,663.33
31,Incongruent,18,537.05
31,Incongruent,19,728.62
31,Incongruent,20,673.79
31,Incongruent,21,546.72
31,Incongruent,22,673.82
31,Incongruent,23,594.06
31,Incongruent,24,798.97
31,Incongruent,25,694.15
31,Incongruent,26,591.14
31,Incongruent,27,672.92
31,Incongruent,28,652.34
31,Incongruent,29,750.85
31,Incongruent,30,683.61
32,Congruent,1,596.21
32,Congruent,2,465.67
32,Congruent,3,618.61
32,Congruent,4,722.79
32,Congruent,5,606.27
32,Congruent,6,552.16
32,Congruent,7,568.46
32,Congruent,8,479.12
32,Congruent,9,570.27
32,Congruent,10,467.52
32,Congruent,11,558.94
32,Congruent,12,524.38
32,Congruent,13,488.97
32,Congruent,14,601.89
32,Congruent,15,436.29
32,Congruent,16,552.26
32,Congruent,17,449.48
32,Congruent,18,701.94
32,Congruent,19,713.55
32,Congruent,20,623.27
32,Congruent,21,707.34
32,Congruent,22,603.0
32,Congruent,23,598.92
32,Congruent,24,521.48
32,Congruent,25,483.85
32,Congruent,26,565.7
32,Congruent,27,512.61
32,Congruent,28,520.4
32,Congruent,29,613.75
32,Congruent,30,545.19
32,Incongruent,1,530.51
32,Incongruent,2,638.01
32,Incongruent,3,594.23
32,Incongruent,4,631.7
32,Incongruent,5,567.42
32,Incongruent,6,751.24
32,Incongruent,7,807.44
32,Incongruent,8,566.26
32,Incongruent,9,707.07
32,Incongruent,10,703.0
32,Incongruent,11,569.19
32,Incongruent,12,663.22
32,Incongruent,13,768.01
32,Incongruent,14,722.85
32,Incongruent,15,784.59
32,Incongruent,16,561.36
32,Incongruent,17,595.21
32,Incongruent,18,678.18
32,Incongruent,19,683.15
32,Incongruent,20,656.68
32,Incongruent,21,623.69
32,Incongruent,22,621.73
32,Incongruent,23,605.88
32,Incongruent,24,690.5
32,Incongruent,25,433.57
32,Incongruent,26,782.27
32,Incongruent,27,612.0
32,Incongruent,28,539.71
32,Incongruent,29,697.63
32,Incongruent,30,541.58
33,Congruent,1,584.82
33,Congruent,2,521.71
33,Congruent,3,601.03
33,Congruent,4,616.84
33,Congruent,5,657.18
33,Congruent,6,513.9
33,Congruent,7,530.15
33,Congruent,8,552.39
33,Congruent,9,440.12
33,Congruent,10,600.69
33,Congruent,11,563.5
33,Congruent,12,445.89
33,Congruent,13,649.93
33,Congruent,14,662.33
33,Congruent,15,447.66
33,Congruent,16,598.76
33,Congruent,17,653.01
33,Congruent,18,620.12
33,Congruent,19,474.4
33,Congruent,20,441.05
33,Congruent,21,543.55
33,Congruent,22,513.05
33,Congruent,23,552.06
33,Congruent,24,544.42
33,Congruent,25,594.8
33,Congruent,26,507.71
33,Congruent,27,539.57
33,Congruent,28,789.93
33,Congruent,29,542.05
33,Congruent,30,611.3
33,Incongruent,1,675.4
33,Incongruent,2,669.72
33,Incongruent,3,579.27
33,Incongruent,4,694.34
33,Incongruent,5,648.01
33,Incongruent,6,717.49
33,Incongruent,7,816.15
33,Incongruent,8,666.79
33,Incongruent,9,712.9
33,Incongruent,10,570.08
33,Incongruent,11,661.29
33,Incongruent,12,776.03
33,Incongruent,13,647.1
33,Incongruent,14,600.91
33,Incongruent,15,668.37
33,Incongruent,16,637.07
33,Incongruent,17,632.58
33,Incongruent,18,622.0
33,Incongruent,19,810.73
33,Incongruent,20,582.11
33,Incongruent,21,618.75
33,Incongruent,22,606.14
33,Incongruent,23,750.97
33,Incongruent,24,629.44
33,Incongruent,25,756.09
33,Incongruent,26,665.06
33,Incongruent,27,649.86
33,Incongruent,28,534.86
33,Incongruent,29,748.63
33,Incongruent,30,694.99
34,Congruent,1,584.11
34,Congruent,2,542.31
34,Congruent,3,518.36
34,Congruent,4,450.25
34,Congruent,5,627.35
34,Congruent,6,573.21
34,Congruent,7,522.96
34,Congruent,8,501.27
34,Congruent,9,560.98
34,Congruent,10,544.43
34,Congruent,11,683.13
34,Congruent,12,613.61
34,Congruent,13,504.02
34,Congruent,14,463.26
34,Congruent,15,532.84
34,Congruent,16,478.8
34,Congruent,17,557.82
34,Congruent,18,584.08
34,Congruent,19,602.69
34,Congruent,20,585.13
34,Congruent,21,536.65
34,Congruent,22,599.98
34,Congruent,23,480.86
34,Congruent,24,545.77
34,Congruent,25,617.09
34,Congruent,26,575.18
34,Congruent,27,450.49
34,Congruent,28,459.81
34,Congruent,29,423.07
34,Congruent,30,696.64
34,Incongruent,1,528.38
34,Incongruent,2,641.36
34,Incongruent,3,799.38
34,Incongruent,4,738.67
34,Incongruent,5,757.91
34,Incongruent,6,612.64
34,Incongruent,7,711.72
34,Incongruent,8,896.25
34,Incongruent,9,649.73
34,Incongruent,10,685.74
34,Incongruent,11,627.47
34,Incongruent,12,651.66
34,Incongruent,13,682.64
34,Incongruent,14,763.71
34,Incongruent,15,580.76
34,Incongruent,16,538.53
34,Incongruent,17,654.89
34,Incongruent,18,669.28
34,Incongruent,19,765.78
34,Incongruent,20,710.3
34,Incongruent,21,602.95
34,Incongruent,22,698.25
34,Incongruent,23,742.21
34,Incongruent,24,675.82
34,Incongruent,25,625.74
34,Incongruent,26,707.06
34,Incongruent,27,624.52
34,Incongruent,28,503.52
34,Incongruent,29,759.34
34,Incongruent,30,549.65
35,Congruent,1,526.01
35,Congruent,2,527.45
35,Congruent,3,525.87
35,Congruent,4,529.86
35,Congruent,5,437.36
35,Congruent,6,594.59
35,Congruent,7,554.67
35,Congruent,8,555.56
35,Congruent,9,638.12
35,Congruent,10,640.3
35,Congruent,11,659.4
35,Congruent,12,700.31
35,Congruent,13,588.5
35,Congruent,14,429.18
35,Congruent,15,569.26
35,Congruent,16,553.27
35,Congruent,17,557.75
35,Congruent,18,504.2
35,Congruent,19,481.12
35,Congruent,20,615.95
35,Congruent,21,629.83
35,Congruent,22,462.81
35,Congruent,23,595.4
35,Congruent,24,538.71
35,Congruent,25,521.21
35,Congruent,26,606.97
35,Congruent,27,548.11
35,Congruent,28,507.85
35,Congruent,29,556.61
35,Congruent,30,392.37
35,Incongruent,1,604.66
35,Incongruent,2,616.8
35,Incongruent,3,540.05
35,Incongruent,4,665.97
35,Incongruent,5,673.22
35,Incongruent,6,603.41
35,Incongruent,7,637.86
35,Incongruent,8,705.24
35,Incongruent,9,736.09
35,Incongruent,10,590.43
35,Incongruent,11,678.29
35,Incongruent,12,734.06
35,Incongruent,13,648.59
35,Incongruent,14,589.19
35,Incongruent,15,589.5
35,Incongruent,16,624.97
35,Incongruent,17,568.03
35,Incongruent,18,811.61
35,Incongruent,19,604.91
35,Incongruent,20,680.7
35,Incongruent,21,665.04
35,Incongruent,22,701.28
35,Incongruent,23,619.43
35,Incongruent,24,546.28
35,Incongruent,25,781.18
35,Incongruent,26,643.8
35,Incongruent,27,659.36
35,Incongruent,28,666.03
35,Incongruent,29,750.93
35,Incongruent,30,711.53
36,Congruent,1,643.93
36,Congruent,2,615.83
36,Congruent,3,562.31
36,Congruent,4,570.42
36,Congruent,5,490.66
36,Congruent,6,395.03
36,Congruent,7,530.98
36,Congruent,8,464.29
36,Congruent,9,757.09
36,Congruent,10,674.83
36,Congruent,11,643.77
36,Congruent,12,506.07
36,Congruent,13,714.83
36,Congruent,14,413.79
36,Congruent,15,453.45
36,Congruent,16,487.65
36,Congruent,17,473.48
36,Congruent,18,560.73
36,Congruent,19,565.63
36,Congruent,20,702.92
36,Congruent,21,629.92
36,Congruent,22,647.8
36,Congruent,23,583.6
36,Congruent,24,538.35
36,Congruent,25,495.21
36,Congruent,26,429.4
36,Congruent,27,480.55
36,Congruent,28,519.66
36,Congruent,29,611.15
36,Congruent,30,415.21
36,Incongruent,1,540.82
36,Incongruent,2,667.69
36,Incongruent,3,566.21
36,Incongruent,4,676.96
36,Incongruent,5,617.19
36,Incongruent,6,589.98
36,Incongruent,7,543.47
36,Incongruent,8,642.6
36,Incongruent,9,591.82
36,Incongruent,10,601.08
36,Incongruent,11,599.13
36,Incongruent,12,665.01
36,Incongruent,13,661.94
36,Incongruent,14,512.97
36,Incongruent,15,637.16
36,Incongruent,16,681.9
36,Incongruent,17,733.16
36,Incongruent,18,712.66
36,Incongruent,19,666.76
36,Incongruent,20,558.6
36,Incongruent,21,588.4
36,Incongruent,22,723.16
36,Incongruent,23,593.83
36,Incongruent,24,732.1
36,Incongruent,25,751.92
36,Incongruent,26,565.03
36,Incongruent,27,685.25
36,Incongruent,28,641.03
36,Incongruent,29,812.22
36,Incongruent,30,717.04
37,Congruent,1,509.16
37,Congruent,2,582.58
37,Congruent,3,476.59
37,Congruent,4,537.88
37,Congruent,5,566.4
37,Congruent,6,561.95
37,Congruent,7,574.62
37,Congruent,8,477.44
37,Congruent,9,401.74
37,Congruent,10,520.97
37,Congruent,11,478.61
37,Congruent,12,493.99
37,Congruent,13,720.99
37,Congruent,14,643.03
37,Congruent,15,536.04
37,Congruent,16,435.33
37,Congruent,17,446.14
37,Congruent,18,578.9
37,Congruent,19,635.55
37,Congruent,20,526.92
37,Congruent,21,560.81
37,Congruent,22,570.38
37,Congruent,23,635.3
37,Congruent,24,399.56
37,Congruent,25,562.48
37,Congruent,26,582.44
37,Congruent,27,626.01
37,Congruent,28,581.69
37,Congruent,29,461.94
37,Congruent,30,503.56
37,Incongruent,1,528.07
37,Incongruent,2,665.46
37,Incongruent,3,665.39
37,Incongruent,4,690.95
37,Incongruent,5,572.41
37,Incongruent,6,558.78
37,Incongruent,7,772.05
37,Incongruent,8,664.57
37,Incongruent,9,789.68
37,Incongruent,10,685.16
37,Incongruent,11,533.06
37,Incongruent,12,714.43
37,Incongruent,13,748.81
37,Incongruent,14,613.94
37,Incongruent,15,496.03
37,Incongruent,16,703.22
37,Incongruent,17,638.77
37,Incongruent,18,672.21
37,Incongruent,19,435.08
37,Incongruent,20,686.57
37,Incongruent,21,429.96
37,Incongruent,22,580.61
37,Incongruent,23,720.87
37,Incongruent,24,504.04
37,Incongruent,25,500.9
37,Incongruent,26,614.02
37,Incongruent,27,781.73
37,Incongruent,28,779.25
37,Incongruent,29,601.34
37,Incongruent,30,729.96
38,Congruent,1,596.31
38,Congruent,2,570.88
38,Congruent,3,578.35
38,Congruent,4,491.91
38,Congruent,5,614.0
38,Congruent,6,634.8
38,Congruent,7,765.99
38,Congruent,8,623.22
38,Congruent,9,353.62
38,Congruent,10,453.43
38,Congruent,11,576.41
38,Congruent,12,555.21
38,Congruent,13,400.85
38,Congruent,14,538.48
38,Congruent,15,520.98
38,Congruent,16,545.66
38,Congruent,17,539.82
38,Congruent,18,623.26
38,Congruent,19,666.76
38,Congruent,20,604.29
38,Congruent,21,460.78
38,Congruent,22,480.55
38,Congruent,23,496.64
38,Congruent,24,545.12
38,Congruent,25,515.5
38,Congruent,26,521.65
38,Congruent,27,475.85
38,Congruent,28,625.59
38,Congruent,29,617.77
38,Congruent,30,626.03
38,Incongruent,1,643.25
38,Incongruent,2,686.07
38,Incongruent,3,576.8
38,Incongruent,4,568.75
38,Incongruent,5,606.19
38,Incongruent,6,696.49
38,Incongruent,7,637.81
38,Incongruent,8,558.36
38,Incongruent,9,657.2
38,Incongruent,10,683.59
38,Incongruent,11,662.83
38,Incongruent,12,596.48
38,Incongruent,13,654.97
38,Incongruent,14,616.09
38,Incongruent,15,623.78
38,Incongruent,16,642.66
38,Incongruent,17,710.11
38,Incongruent,18,795.86
38,Incongruent,19,774.54
38,Incongruent,20,700.14
38,Incongruent,21,617.87
38,Incongruent,22,625.2
38,Incongruent,23,628.64
38,Incongruent,24,742.08
38,Incongruent,25,428.77
38,Incongruent,26,670.62
38,Incongruent,27,490.6
38,Incongruent,28,649.69
38,Incongruent,29,755.96
38,Incongruent,30,577.12
39,Congruent,1,367.37
39,Congruent,2,653.77
39,Congruent,3,670.47
39,Congruent,4,589.89
39,Congruent,5,650.42
39,Congruent,6,485.8
39,Congruent,7,643.81
39,Congruent,8,686.05
39,Congruent,9,601.21
39,Congruent,10,572.49
39,Congruent,11,652.66
39,Congruent,12,640.56
39,Congruent,13,490.09
39,Congruent,14,658.8
39,Congruent,15,609.57
39,Congruent,16,562.7
39,Congruent,17,654.3
39,Congruent,18,624.04
39,Congruent,19,609.67
39,Congruent,20,509.37
39,Congruent,21,616.68
39,Congruent,22,461.32
39,Congruent,23,539.88
39,Congruent,24,414.54
39,Congruent,25,413.65
39,Congruent,26,585.44
39,Congruent,27,543.44
39,Congruent,28,556.78
39,Congruent,29,597.36
39,Congruent,30,578.0
39,Incongruent,1,579.09
39,Incongruent,2,655.87
39,Incongruent,3,644.63
39,Incongruent,4,608.4
39,Incongruent,5,640.04
39,Incongruent,6,620.77
39,Incongruent,7,598.07
39,Incongruent,8,623.26
39,Incongruent,9,668.8
39,Incongruent,10,815.06
39,Incongruent,11,584.64
39,Incongruent,12,691.75
39,Incongruent,13,533.09
39,Incongruent,14,777.2
39,Incongruent,15,623.33
39,Incongruent,16,661.11
39,Incongruent,17,752.19
39,Incongruent,18,729.01
39,Incongruent,19,530.65
39,Incongruent,20,694.42
39,Incongruent,21,631.81
39,Incongruent,22,699.53
39,Incongruent,23,662.19
39,Incongruent,24,708.88
39,Incongruent,25,673.36
39,Incongruent,26,638.81
39,Incongruent,27,744.16
39,Incongruent,28,526.48
39,Incongruent,29,615.36
39,Incongruent,30,573.55
40,Congruent,1,538.49
40,Congruent,2,515.6
40,Congruent,3,538.16
40,Congruent,4,510.76
40,Congruent,5,512.43
40,Congruent,6,418.48
40,Congruent,7,546.99
40,Congruent,8,574.66
40,Congruent,9,502.29
40,Congruent,10,497.44
40,Congruent,11,498.43
40,Congruent,12,684.32
40,Congruent,13,565.04
40,Congruent,14,581.02
40,Congruent,15,525.97
40,Congruent,16,510.0
40,Congruent,17,479.71
40,Congruent,18,673.37
40,Congruent,19,413.97
40,Congruent,20,574.0
40,Congruent,21,548.08
40,Congruent,22,529.55
40,Congruent,23,424.69
40,Congruent,24,451.2
40,Congruent,25,628.53
40,Congruent,26,494.5
40,Congruent,27,620.33
40,Congruent,28,603.58
40,Congruent,29,596.35
40,Congruent,30,610.92
40,Incongruent,1,553.18
40,Incongruent,2,612.08
40,Incongruent,3,704.29
40,Incongruent,4,549.01
40,Incongruent,5,783.17
40,Incongruent,6,605.23
40,Incongruent,7,644.86
40,Incongruent,8,567.99
40,Incongruent,9,679.26
40,Incongruent,10,591.3
40,Incongruent,11,630.6
40,Incongruent,12,558.9
40,Incongruent,13,745.34
40,Incongruent,14,519.39
40,Incongruent,15,686.09
40,Incongruent,16,668.97
40,Incongruent,17,685.02
40,Incongruent,18,568.35
40,Incongruent,19,732.7
40,Incongruent,20,727.15
40,Incongruent,21,662.77
40,Incongruent,22,675.01
40,Incongruent,23,637.41
40,Incongruent,24,701.44
40,Incongruent,25,584.3
40,Incongruent,26,694.39
40,Incongruent,27,682.51
40,Incongruent,28,537.2
40,Incongruent,29,440.08
40,Incongruent,30,640.62
